,Jugador,img_player
0,Declan Rice,https://img.a.transfermarkt.technology/portrait/big/357662-1687962936.jpg?lm=1
1,Moisés Caicedo,https://img.a.transfermarkt.technology/portrait/big/687626-1660729724.jpg?lm=1
2,J. Bellingham,https://img.a.transfermarkt.technology/portrait/big/581678-1693987944.jpg?lm=1
3,Harry Kane,https://img.a.transfermarkt.technology/portrait/big/132098-1700211169.jpg?lm=1
4,Kolo Muani,https://img.a.transfermarkt.technology/portrait/big/487969-1718697120.jpg?lm=1
5,Joško Gvardiol,https://img.a.transfermarkt.technology/portrait/big/475959-1713391602.jpg?lm=1
6,Kai Havertz,https://img.a.transfermarkt.technology/portrait/big/309400-1683903902.jpg?lm=1
7,R. Højlund,https://img.a.transfermarkt.technology/portrait/big/610442-1699471458.jpg?lm=1
8,D. Szoboszlai,https://img.a.transfermarkt.technology/portrait/big/451276-1700209677.jpg?lm=1
9,Gonçalo Ramos,https://img.a.transfermarkt.technology/portrait/big/550550-1681906158.jpg?lm=1
10,Mason Mount,https://img.a.transfermarkt.technology/portrait/big/346483-1683291495.jpg?lm=1
11,Sandro Tonali,https://img.a.transfermarkt.technology/portrait/big/397033-1688389270.jpg?lm=1
12,Roméo Lavia,https://img.a.transfermarkt.technology/portrait/big/628451-1683898478.jpg?lm=1
13,Matheus Nunes,https://img.a.transfermarkt.technology/portrait/big/601883-1693561106.jpg?lm=1
14,Jérémy Doku,https://img.a.transfermarkt.technology/portrait/big/486049-1666699113.jpg?lm=1
15,C. Nkunku,https://img.a.transfermarkt.technology/portrait/big/344381-1663686834.jpg?lm=1
16,M. Ugarte,https://img.a.transfermarkt.technology/portrait/big/351478-1599987229.jpg?lm=1
17,B. Johnson,https://img.a.transfermarkt.technology/portrait/big/470607-1692959021.jpg?lm=1
18,M. Diaby,https://img.a.transfermarkt.technology/portrait/big/395516-1642608355.jpg?lm=1
19,André Onana,https://img.a.transfermarkt.technology/portrait/big/234509-1686929812.jpg?lm=1
20,O. Dembélé,https://img.a.transfermarkt.technology/portrait/big/288230-1684148641.jpg?lm=1
21,Matheus Cunha,https://img.a.transfermarkt.technology/portrait/big/517894-1696599737.jpg?lm=1
22,Min-Jae Kim,https://img.a.transfermarkt.technology/portrait/big/503482-1700208062.jpg?lm=1
23,Cole Palmer,https://img.a.transfermarkt.technology/portrait/big/568177-1712320986.jpg?lm=1
24,J. Maddison,https://img.a.transfermarkt.technology/portrait/big/294057-1687982662.jpg?lm=1
25,Lucas Hernández,https://img.a.transfermarkt.technology/portrait/big/281963-1667830435.jpg?lm=1
26,Axel Disasi,https://img.a.transfermarkt.technology/portrait/big/386047-1614110226.jpg?lm=1
27,B. Barcola,https://img.a.transfermarkt.technology/portrait/big/708265-1653406915.jpg?lm=1
28,Harvey Barnes,https://img.a.transfermarkt.technology/portrait/big/398065-1700650664.jpg?lm=1
29,M. Kudus,https://img.a.transfermarkt.technology/portrait/big/543499-1668429218.jpg?lm=1
30,A. Mac Allister,https://img.a.transfermarkt.technology/portrait/big/534033-1669835342.jpg?lm=1
31,Vitor Roque,https://img.a.transfermarkt.technology/portrait/big/5807-1589802559.jpg?lm=1
32,Jurriën Timber,https://img.a.transfermarkt.technology/portrait/big/420243-1702413077.jpg?lm=1
33,Pedro Porro,https://img.a.transfermarkt.technology/portrait/big/553875-1602774481.jpg?lm=1
34,R. Gravenberch,https://img.a.transfermarkt.technology/portrait/big/478573-1718097194.jpg?lm=1
35,M. Van De Ven,https://img.a.transfermarkt.technology/portrait/big/3109-1719152556.jpg?lm=1
36,Loïs Openda,https://img.a.transfermarkt.technology/portrait/big/368887-1713944805.jpg?lm=1
37,Edson Álvarez,https://img.a.transfermarkt.technology/portrait/big/401356-1698343328.jpeg?lm=1
38,T. Livramento,https://img.a.transfermarkt.technology/portrait/big/503981-1699383321.jpg?lm=1
39,N. Jackson,https://img.a.transfermarkt.technology/portrait/big/74418-1447152748.jpg?lm=1
40,M. Locatelli,https://img.a.transfermarkt.technology/portrait/big/265088-1630490000.jpg?lm=1
41,I. Sangaré,https://img.a.transfermarkt.technology/portrait/big/375885-1700738495.jpg?lm=1
42,J. Ward-Prowse,https://img.a.transfermarkt.technology/portrait/big/181579-1684751045.jpg?lm=1
43,João Pedro,https://img.a.transfermarkt.technology/portrait/big/182712-1675080937.jpg?lm=1
44,Pau Torres,https://img.a.transfermarkt.technology/portrait/big/399776-1691079911.jpg?lm=1
45,Elye Wahi,https://img.a.transfermarkt.technology/portrait/big/659542-1692791720.jpg?lm=1
46,F. Balogun,https://img.a.transfermarkt.technology/portrait/big/503770-1672838317.jpg?lm=1
47,B. Pavard,https://img.a.transfermarkt.technology/portrait/big/353366-1713819215.jpg?lm=1
48,Moise Kean,https://img.a.transfermarkt.technology/portrait/big/364135-1663577320.jpg?lm=1
49,Felix Nmecha,https://img.a.transfermarkt.technology/portrait/big/406640-1709560961.jpg?lm=1
50,D. Kulusevski,https://img.a.transfermarkt.technology/portrait/big/431755-1684943454.jpg?lm=1
51,Sacha Boey,https://img.a.transfermarkt.technology/portrait/big/475413-1706907003.jpg?lm=1
52,C. Lukeba,https://img.a.transfermarkt.technology/portrait/big/618472-1713897532.jpg?lm=1
53,J. Lindstrøm,https://img.a.transfermarkt.technology/portrait/big/513245-1663065433.jpg?lm=1
54,Mateo Kovačić,https://img.a.transfermarkt.technology/portrait/big/51471-1682668192.jpg?lm=1
55,E. Touré,https://img.a.transfermarkt.technology/portrait/big/13091-1719518647.jpg?lm=1
56,Hugo Ekitiké,https://img.a.transfermarkt.technology/portrait/big/709726-1672304545.jpg?lm=1
57,Robin Gosens,https://img.a.transfermarkt.technology/portrait/big/273132-1686641124.jpg?lm=1
58,Carlos Baleba,https://img.a.transfermarkt.technology/portrait/big/973085-1666690662.jpg?lm=1
59,L. Ugochukwu,https://img.a.transfermarkt.technology/portrait/big/711999-1666698684.jpg?lm=1
60,G. Raspadori,https://img.a.transfermarkt.technology/portrait/big/405885-1708552564.jpg?lm=1
61,T. Adams,https://img.a.transfermarkt.technology/portrait/big/346779-1716381473.jpg?lm=1
62,Nathan Collins,https://img.a.transfermarkt.technology/portrait/big/469050-1688381729.jpg?lm=1
63,Hamed Traorè,https://img.a.transfermarkt.technology/portrait/big/391065-1596029805.jpg?lm=1
64,G. Scamacca,https://img.a.transfermarkt.technology/portrait/big/315867-1659354755.jpg?lm=1
65,C. Baumgartner,https://img.a.transfermarkt.technology/portrait/big/324278-1716315718.jpg?lm=1
66,R. Drăgușin,https://img.a.transfermarkt.technology/portrait/big/568559-1718259698.jpg?lm=1
67,Beto,https://img.a.transfermarkt.technology/portrait/big/35242-1447239823.jpg?lm=1
68,Lovro Majer,https://img.a.transfermarkt.technology/portrait/big/387106-1695624038.jpg?lm=1
69,Kevin Schade,https://img.a.transfermarkt.technology/portrait/big/473050-1700560328.jpg?lm=1
70,R. Calafiori,https://img.a.transfermarkt.technology/portrait/big/502821-1696837967.jpg?lm=1
71,Eljif Elmas,https://img.a.transfermarkt.technology/portrait/big/400489-1709127683.jpg?lm=1
72,B. Šeško,https://img.a.transfermarkt.technology/portrait/big/627442-1713897956.jpg?lm=1
73,Nathan Tella,https://img.a.transfermarkt.technology/portrait/big/340322-1660247676.jpg?lm=1
74,Alex Scott,https://img.a.transfermarkt.technology/portrait/big/855256-1656922605.jpg?lm=1
75,Robert Sánchez,https://img.a.transfermarkt.technology/portrait/big/403151-1695028195.jpg?lm=1
76,C. Bassey,https://img.a.transfermarkt.technology/portrait/big/461883-1662989506.jpg?lm=1
77,Terem Moffi,https://img.a.transfermarkt.technology/portrait/big/538874-1603021287.jpg?lm=1
78,Kang-In Lee,https://img.a.transfermarkt.technology/portrait/big/557149-1703978046.jpg?lm=1
79,A. Griezmann,https://img.a.transfermarkt.technology/portrait/big/125781-1719928503.jpg?lm=1
80,V. Boniface,https://img.a.transfermarkt.technology/portrait/big/656681-1666292728.jpg?lm=1
81,Cameron Archer,https://img.a.transfermarkt.technology/portrait/big/533662-1641461875.jpg?lm=1
82,Adam Wharton,https://img.a.transfermarkt.technology/portrait/big/744149-1716297290.jpg?lm=1
83,Renan Lodi,https://img.a.transfermarkt.technology/portrait/big/476352-1703065997.jpg?lm=1
84,Matheus França,https://img.a.transfermarkt.technology/portrait/big/743597-1708426107.jpg?lm=1
85,N. Seiwald,https://img.a.transfermarkt.technology/portrait/big/404950-1716315232.jpg?lm=1
86,Arda Güler,https://img.a.transfermarkt.technology/portrait/big/861410-1699472585.jpg?lm=1
87,Abakar Sylla,https://img.a.transfermarkt.technology/portrait/big/962555-1658167503.jpg?lm=1
88,D. Zakaria,https://img.a.transfermarkt.technology/portrait/big/334526-1667990520.jpg?lm=1
89,Enzo Le Fée,https://img.a.transfermarkt.technology/portrait/big/633992-1623749409.jpg?lm=1
90,Wataru Endo,https://img.a.transfermarkt.technology/portrait/big/146310-1657181542.jpg?lm=1
91,Lucas Beraldo,https://img.a.transfermarkt.technology/portrait/big/872171-1715107660.jpg?lm=1
92,A. Pinamonti,https://img.a.transfermarkt.technology/portrait/big/315865-1692883161.jpg?lm=1
93,B. Verbruggen,https://img.a.transfermarkt.technology/portrait/big/565093-1716990260.jpg?lm=1
94,C. Pulišić,https://img.a.transfermarkt.technology/portrait/big/315779-1691696699.jpg?lm=1
95,K. Mavropanos,https://img.a.transfermarkt.technology/portrait/big/415912-1691999569.jpg?lm=1
96,Gabriel Moscardo,https://img.a.transfermarkt.technology/portrait/big/1086636-1706118752.jpg?lm=1
97,Yunus Musah,https://img.a.transfermarkt.technology/portrait/big/503991-1684913655.jpg?lm=1
98,S. Chukwueze,https://img.a.transfermarkt.technology/portrait/big/401922-1692277617.jpg?lm=1
99,Malick Fofana,https://img.a.transfermarkt.technology/portrait/big/743386-1676881156.jpg?lm=1
100,T. Reijnders,https://img.a.transfermarkt.technology/portrait/big/460939-1676466080.jpg?lm=1
101,Marcel Sabitzer,https://img.a.transfermarkt.technology/portrait/big/106987-1711745992.jpg?lm=1
102,Zeki Amdouni,https://img.a.transfermarkt.technology/portrait/big/548729-1715938870.jpg?lm=1
103,G. Vicario,https://img.a.transfermarkt.technology/portrait/big/286047-1630576218.jpg?lm=1
104,C. Echeverri,https://img.a.transfermarkt.technology/portrait/big/994536-1694001438.png?lm=1
105,R. Loftus-Cheek,https://img.a.transfermarkt.technology/portrait/big/202886-1692879593.jpg?lm=1
106,A. Vermeeren,https://img.a.transfermarkt.technology/portrait/big/926694-1652692286.jpg?lm=1
107,Cyril Ngonge,https://img.a.transfermarkt.technology/portrait/big/358032-1674197416.jpg?lm=1
108,Miloš Kerkez,https://img.a.transfermarkt.technology/portrait/big/730861-1660762995.jpg?lm=1
109,A. Elanga,https://img.a.transfermarkt.technology/portrait/big/583189-1700739021.jpg?lm=1
110,Dean Henderson,https://img.a.transfermarkt.technology/portrait/big/258919-1716297478.jpg?lm=1
111,Gustavo Hamer,https://img.a.transfermarkt.technology/portrait/big/322985-1682690179.jpg?lm=1
112,Jérémie Boga,https://img.a.transfermarkt.technology/portrait/big/216569-1661509174.jpg?lm=1
113,I. Ndiaye,https://img.a.transfermarkt.technology/portrait/big/623570-1651653048.png?lm=1
114,Chris Wood,https://img.a.transfermarkt.technology/portrait/big/108725-1674209978.jpg?lm=1
115,N. Füllkrug,https://img.a.transfermarkt.technology/portrait/big/75489-1709560033.jpg?lm=1
116,Ivan Ilić,https://img.a.transfermarkt.technology/portrait/big/470794-1716239802.jpg?lm=1
117,D. Washington,https://img.a.transfermarkt.technology/portrait/big/default.jpg?lm=1
118,D. Petrović,https://img.a.transfermarkt.technology/portrait/big/465555-1714721408.jpg?lm=1
119,A. Matusiwa,https://img.a.transfermarkt.technology/portrait/big/315145-1639675049.png?lm=1
120,E. Bitshiabu,https://img.a.transfermarkt.technology/portrait/big/787912-1672304780.jpg?lm=1
121,Romain Faivre,https://img.a.transfermarkt.technology/portrait/big/555076-1672831296.jpg?lm=1
122,Fabian Rieder,https://img.a.transfermarkt.technology/portrait/big/507341-1718217990.jpg?lm=1
123,Ludovic Blas,https://img.a.transfermarkt.technology/portrait/big/288225-1596557793.jpg?lm=1
124,J. Bellegarde,https://img.a.transfermarkt.technology/portrait/big/450050-1618501758.jpg?lm=1
125,Granit Xhaka,https://img.a.transfermarkt.technology/portrait/big/111455-1689711080.jpg?lm=1
126,Ângelo,https://img.a.transfermarkt.technology/portrait/big/s_5826_123_2012_1.jpg?lm=1
127,Taty Castellanos,https://img.a.transfermarkt.technology/portrait/big/522784-1695027268.jpg?lm=1
128,Alejo Véliz,https://img.a.transfermarkt.technology/portrait/big/888493-1674736266.JPG?lm=1
129,M. Salisu,https://img.a.transfermarkt.technology/portrait/big/563963-1668428508.jpg?lm=1
130,H. Haraldsson,https://img.a.transfermarkt.technology/portrait/big/652275-1662491592.jpg?lm=1
131,Jordan Beyer,https://img.a.transfermarkt.technology/portrait/big/403898-1685706514.jpg?lm=1
132,Mateo Retegui,https://img.a.transfermarkt.technology/portrait/big/554903-1681311414.jpg?lm=1
133,Boulaye Dia,https://img.a.transfermarkt.technology/portrait/big/626913-1662127119.jpg?lm=1
134,César Montes,https://img.a.transfermarkt.technology/portrait/big/387687-1719229516.jpg?lm=1
135,M. Berisha,https://img.a.transfermarkt.technology/portrait/big/307924-1691251216.jpg?lm=1
136,Andy Diouf,https://img.a.transfermarkt.technology/portrait/big/711976-1637070021.jpg?lm=1
137,Noah Okafor,https://img.a.transfermarkt.technology/portrait/big/346890-1692879855.jpg?lm=1
138,Gift Orban,https://img.a.transfermarkt.technology/portrait/big/1018259-1701690897.jpg?lm=1
139,Sander Berge,https://img.a.transfermarkt.technology/portrait/big/333014-1679676693.jpg?lm=1
140,Mark Flekken,https://img.a.transfermarkt.technology/portrait/big/125714-1658411484.jpg?lm=1
141,Robin Gosens,https://img.a.transfermarkt.technology/portrait/big/273132-1686641124.jpg?lm=1
142,Ismaïla Sarr,https://img.a.transfermarkt.technology/portrait/big/410225-1668162683.jpg?lm=1
143,A. Zakharyan,https://img.a.transfermarkt.technology/portrait/big/555143-1683292149.jpg?lm=1
144,T. Castagne,https://img.a.transfermarkt.technology/portrait/big/262226-1665067689.jpg?lm=1
145,E. Emegha,https://img.a.transfermarkt.technology/portrait/big/69006-1487240503.jpg?lm=1
146,Lucas Beltrán,https://img.a.transfermarkt.technology/portrait/big/628366-1692881138.jpg?lm=1
147,Y. Chermiti,https://img.a.transfermarkt.technology/portrait/big/670688-1708426195.jpg?lm=1
148,Vini Souza,https://img.a.transfermarkt.technology/portrait/big/663581-1592467266.jpg?lm=1
149,Attila Szalai,https://img.a.transfermarkt.technology/portrait/big/263380-1691269895.jpg?lm=1
150,J. Mæhle,
151,K. Nakamura,https://img.a.transfermarkt.technology/portrait/big/405397-1660641868.png?lm=1
152,Santi Bueno,https://img.a.transfermarkt.technology/portrait/big/438001-1567158917.jpg?lm=1
153,Murillo,https://img.a.transfermarkt.technology/portrait/big/1005649-1709159139.jpg?lm=1
154,Wilson Odobert,https://img.a.transfermarkt.technology/portrait/big/743498-1672838670.jpg?lm=1
155,Matteo Pessina,https://img.a.transfermarkt.technology/portrait/big/332179-1661268524.jpg?lm=1
156,Gustav Isaksen,https://img.a.transfermarkt.technology/portrait/big/462823-1695026324.jpg?lm=1
157,G. Simeone,https://img.a.transfermarkt.technology/portrait/big/282388-1690294694.jpg?lm=1
158,M. Daramy,https://img.a.transfermarkt.technology/portrait/big/574385-1624962062.jpg?lm=1
159,S. Castro,https://img.a.transfermarkt.technology/portrait/big/303116-1661511198.jpg?lm=1
160,A. Douvikas,https://img.a.transfermarkt.technology/portrait/big/523318-1682331342.jpg?lm=1
161,Jens Cajuste,https://img.a.transfermarkt.technology/portrait/big/468066-1691568301.jpg?lm=1
162,Loïc Badé,https://img.a.transfermarkt.technology/portrait/big/730581-1681464974.jpg?lm=1
163,Tim Weah,https://img.a.transfermarkt.technology/portrait/big/370846-1692277669.jpg?lm=1
164,Anton Stach,https://img.a.transfermarkt.technology/portrait/big/344069-1692000458.jpg?lm=1
165,Boubacar Traore,https://img.a.transfermarkt.technology/portrait/big/649020-1693477837.jpg?lm=1
166,Alidu Seidu,https://img.a.transfermarkt.technology/portrait/big/798404-1679507806.jpg?lm=1
167,J. Karlsson,https://img.a.transfermarkt.technology/portrait/big/367992-1676466550.jpg?lm=1
168,Justin Kluivert,https://img.a.transfermarkt.technology/portrait/big/330659-1596107153.jpg?lm=1
169,N. Vlašić,https://img.a.transfermarkt.technology/portrait/big/293200-1695028630.jpg?lm=1
170,Tomáš Čvančara,https://img.a.transfermarkt.technology/portrait/big/544148-1691249040.jpg?lm=1
171,J. Okumu,https://img.a.transfermarkt.technology/portrait/big/453376-1626767267.jpg?lm=1
172,D. Bakwa,https://img.a.transfermarkt.technology/portrait/big/540664-1618220545.jpg?lm=1
173,Brenner,https://img.a.transfermarkt.technology/portrait/big/412366-1692880573.jpg?lm=1
174,F. Parisi,https://img.a.transfermarkt.technology/portrait/big/547985-1663677780.jpg?lm=1
175,R. Malinovskyi,https://img.a.transfermarkt.technology/portrait/big/207877-1663583019.jpg?lm=1
176,Djibril Sow,https://img.a.transfermarkt.technology/portrait/big/212723-1663065652.jpg?lm=1
177,A. Sørloth,https://img.a.transfermarkt.technology/portrait/big/238407-1716403969.jpg?lm=1
178,Kristjan Asllani,https://img.a.transfermarkt.technology/portrait/big/543771-1716969431.jpg?lm=1
179,D. Lukebakio,https://img.a.transfermarkt.technology/portrait/big/303259-1657098989.jpg?lm=1
180,Momo Cho,https://img.a.transfermarkt.technology/portrait/big/670847-1655064069.jpg?lm=1
181,J. Hofmann,https://img.a.transfermarkt.technology/portrait/big/7161-1689710421.jpg?lm=1
182,T. Baldanzi,https://img.a.transfermarkt.technology/portrait/big/641537-1661764089.jpg?lm=1
183,Natan,https://img.a.transfermarkt.technology/portrait/big/39095-1625770735.png?lm=1
184,A. Petagna,https://img.a.transfermarkt.technology/portrait/big/199258-1660297353.jpg?lm=1
185,Junior Mwanga,https://img.a.transfermarkt.technology/portrait/big/1011200-1663768138.jpg?lm=1
186,N. Domínguez,https://img.a.transfermarkt.technology/portrait/big/default.jpg?lm=1
187,Quentin Merlin,https://img.a.transfermarkt.technology/portrait/big/557613-1704213356.jpg?lm=1
188,Farès Chaïbi,https://img.a.transfermarkt.technology/portrait/big/855015-1693383538.jpg?lm=1
189,Mitchel Bakker,https://img.a.transfermarkt.technology/portrait/big/361065-1658913284.jpg?lm=1
190,Aurèle Amenda,https://img.a.transfermarkt.technology/portrait/big/635645-1707298434.jpg?lm=1
191,Morgan Rogers,https://img.a.transfermarkt.technology/portrait/big/503743-1706786450.jpg?lm=1
192,Valentín Barco,https://img.a.transfermarkt.technology/portrait/big/849410-1683292377.jpg?lm=1
193,W. Singo,https://img.a.transfermarkt.technology/portrait/big/648779-1661511097.jpg?lm=1
194,Sam Beukema,https://img.a.transfermarkt.technology/portrait/big/433984-1696837343.jpg?lm=1
195,Dan Ndoye,https://img.a.transfermarkt.technology/portrait/big/365108-1718218474.jpg?lm=1
196,Hugo Larsson,https://img.a.transfermarkt.technology/portrait/big/931838-1696509259.jpg?lm=1
197,S. Guirassy,https://img.a.transfermarkt.technology/portrait/big/270541-1691999444.jpg?lm=1
198,William Pacho,https://img.a.transfermarkt.technology/portrait/big/661171-1696508666.jpg?lm=1
199,Isak Hien,https://img.a.transfermarkt.technology/portrait/big/503075-1660197277.jpg?lm=1
200,M. Cancellieri,https://img.a.transfermarkt.technology/portrait/big/550106-1687191024.jpg?lm=1
201,Matt Turner,https://img.a.transfermarkt.technology/portrait/big/425306-1682689678.jpg?lm=1
202,Max Aarons,https://img.a.transfermarkt.technology/portrait/big/471690-1662465106.png?lm=1
203,Daniel Muñoz,https://img.a.transfermarkt.technology/portrait/big/493003-1718642628.jpg?lm=1
204,Isaak Touré,https://img.a.transfermarkt.technology/portrait/big/708678-1645641626.jpg?lm=1
205,Philipp Köhn,https://img.a.transfermarkt.technology/portrait/big/251322-1661531623.png?lm=1
206,Yankuba Minteh,https://img.a.transfermarkt.technology/portrait/big/1012534-1694774813.jpg?lm=1
207,Jorge De Frutos,https://img.a.transfermarkt.technology/portrait/big/455181-1613121992.jpg?lm=1
208,Moritz Jenz,https://img.a.transfermarkt.technology/portrait/big/460245-1689865901.jpg?lm=1
209,Tiago Tomás,https://img.a.transfermarkt.technology/portrait/big/552955-1679137361.jpg?lm=1
210,Franck Honorat,https://img.a.transfermarkt.technology/portrait/big/229006-1691248904.jpg?lm=1
211,Pablo Fornals,https://img.a.transfermarkt.technology/portrait/big/357885-1714124764.jpg?lm=1
212,Sergi Darder,https://img.a.transfermarkt.technology/portrait/big/142021-1664975574.jpg?lm=1
213,Luis Suárez,https://img.a.transfermarkt.technology/portrait/big/44352-1710080919.jpg?lm=1
214,Matz Sels,https://img.a.transfermarkt.technology/portrait/big/127202-1665067633.jpg?lm=1
215,F. Moumbagna,https://img.a.transfermarkt.technology/portrait/big/599663-1699864871.jpg?lm=1
216,Jean Bahoya,
217,G. Kondogbia,https://img.a.transfermarkt.technology/portrait/big/127189-1703066053.jpg?lm=1
218,Václav Černý,https://img.a.transfermarkt.technology/portrait/big/242063-1695624230.jpg?lm=1
219,G. Caprari,https://img.a.transfermarkt.technology/portrait/big/146752-1663659110.jpg?lm=1
220,Lorenzo Lucca,https://img.a.transfermarkt.technology/portrait/big/572265-1660912843.jpg?lm=1
221,Dara O'shea,https://img.a.transfermarkt.technology/portrait/big/401320-1632909442.jpg?lm=1
222,Artem Dovbyk,https://img.a.transfermarkt.technology/portrait/big/343537-1719215184.jpg?lm=1
223,K. Nedeljkovic,https://img.a.transfermarkt.technology/portrait/big/848682-1694785153.jpg?lm=1
224,N. Nkounkou,https://img.a.transfermarkt.technology/portrait/big/591193-1696509000.jpg?lm=1
225,Ez Abde,https://img.a.transfermarkt.technology/portrait/big/724520-1636969902.jpg?lm=1
226,Ibrahima Koné,https://img.a.transfermarkt.technology/portrait/big/490223-1699983312.jpg?lm=1
227,Diogo Leite,https://img.a.transfermarkt.technology/portrait/big/357156-1691999912.jpg?lm=1
228,Cristian Volpato,https://img.a.transfermarkt.technology/portrait/big/746891-1692883039.jpg?lm=1
229,F. Mendy,https://img.a.transfermarkt.technology/portrait/big/157495-1598301159.jpg?lm=1
230,Cyle Larin,https://img.a.transfermarkt.technology/portrait/big/343463-1720430112.jpg?lm=1
231,A. Milik,https://img.a.transfermarkt.technology/portrait/big/191891-1661518258.jpg?lm=1
232,A. Fulgini,https://img.a.transfermarkt.technology/portrait/big/250013-1657707374.jpg?lm=1
233,A. Fulgini,https://img.a.transfermarkt.technology/portrait/big/250013-1657707374.jpg?lm=1
234,Julian Weigl,https://img.a.transfermarkt.technology/portrait/big/196792-1662965628.jpg?lm=1
235,R. Bellanova,https://img.a.transfermarkt.technology/portrait/big/357992-1695028689.jpg?lm=1
236,R. Malinovskyi,https://img.a.transfermarkt.technology/portrait/big/207877-1663583019.jpg?lm=1
237,T. Buchanan,https://img.a.transfermarkt.technology/portrait/big/591949-1684772165.jpg?lm=1
238,Elia Caprile,https://img.a.transfermarkt.technology/portrait/big/421873-1704902651.jpg?lm=1
239,Lucas Boyé,https://img.a.transfermarkt.technology/portrait/big/334222-1664974977.jpg?lm=1
240,Yann Bisseck,https://img.a.transfermarkt.technology/portrait/big/441986-1687762536.jpg?lm=1
241,Yann Sommer,https://img.a.transfermarkt.technology/portrait/big/42205-1669897427.jpg?lm=1
242,Dion Lopy,https://img.a.transfermarkt.technology/portrait/big/649033-1639674790.png?lm=1
243,Tiago Santos,https://img.a.transfermarkt.technology/portrait/big/816580-1708342212.jpg?lm=1
244,Dina Ebimbe,https://img.a.transfermarkt.technology/portrait/big/536482-1663065378.jpg?lm=1
245,Raúl García,https://img.a.transfermarkt.technology/portrait/big/34601-1709676479.png?lm=1
246,Raúl Jiménez,https://img.a.transfermarkt.technology/portrait/big/206040-1668454631.jpg?lm=1
247,Pablo Marí,https://img.a.transfermarkt.technology/portrait/big/210178-1663659195.jpg?lm=1
248,Daniel Boloca,https://img.a.transfermarkt.technology/portrait/big/441515-1692881633.jpg?lm=1
249,Johnny Cardoso,https://img.a.transfermarkt.technology/portrait/big/689505-1708953705.jpg?lm=1
250,Josh Doig,https://img.a.transfermarkt.technology/portrait/big/567129-1701544110.jpg?lm=1
251,Sergio Akieme,https://img.a.transfermarkt.technology/portrait/big/355627-1541150356.jpg?lm=1
252,S. Omorodion,https://img.a.transfermarkt.technology/portrait/big/991268-1695983086.jpg?lm=1
253,N. Bajrami,https://img.a.transfermarkt.technology/portrait/big/390177-1661510744.jpg?lm=1
254,S. Mulattieri,https://img.a.transfermarkt.technology/portrait/big/457422-1686814443.jpg?lm=1
255,Jhon Solis,https://img.a.transfermarkt.technology/portrait/big/742521-1715882394.jpg?lm=1
256,Junior Adamu,https://img.a.transfermarkt.technology/portrait/big/452477-1691998414.jpg?lm=1
257,Sergio Arribas,https://img.a.transfermarkt.technology/portrait/big/537762-1688305963.jpg?lm=1
258,Ryan Giles,https://img.a.transfermarkt.technology/portrait/big/504581-1639140648.jpg?lm=1
259,Auston Trusty,https://img.a.transfermarkt.technology/portrait/big/389253-1647191322.jpg?lm=1
260,M. Mohamed,https://img.a.transfermarkt.technology/portrait/big/148455-1700651360.jpg?lm=1
261,Angelo Stiller,https://img.a.transfermarkt.technology/portrait/big/443710-1657200885.jpg?lm=1
262,Rogério,https://img.a.transfermarkt.technology/portrait/big/13811-1591950054.jpg?lm=1
263,Douglas,https://img.a.transfermarkt.technology/portrait/big/447661-1696598670.jpg?lm=1
264,B. Yıldırım,https://img.a.transfermarkt.technology/portrait/big/6905-1584899195.jpeg?lm=1
265,Carles Pérez,https://img.a.transfermarkt.technology/portrait/big/282810-1698852701.jpg?lm=1
266,Tiago Djaló,https://img.a.transfermarkt.technology/portrait/big/420465-1666690517.jpg?lm=1
267,T. Teuma,https://img.a.transfermarkt.technology/portrait/big/409153-1642263277.jpg?lm=1
268,Pepelu,https://img.a.transfermarkt.technology/portrait/big/328480-1713971066.jpg?lm=1
269,A. Delort,https://img.a.transfermarkt.technology/portrait/big/122797-1593970837.jpg?lm=1
270,Tom Krauß,https://img.a.transfermarkt.technology/portrait/big/405687-1722886091.jpg?lm=1
271,Adson,https://img.a.transfermarkt.technology/portrait/big/29261-1543929792.jpg?lm=1
272,Cédric Zesiger,https://img.a.transfermarkt.technology/portrait/big/382478-1689866125.jpg?lm=1
273,Clinton Mata,https://img.a.transfermarkt.technology/portrait/big/187718-1616529648.jpg?lm=1
274,Marc Pubill,https://img.a.transfermarkt.technology/portrait/big/844637-1644238065.jpg?lm=1
275,Cenk Özkacar,https://img.a.transfermarkt.technology/portrait/big/615350-1641457298.jpg?lm=1
276,M. Bamba,https://img.a.transfermarkt.technology/portrait/big/292818-1599420401.jpg?lm=1
277,C. Bakambu,https://img.a.transfermarkt.technology/portrait/big/127048-1563441766.jpg?lm=1
278,Carl Starfelt,https://img.a.transfermarkt.technology/portrait/big/258987-1600613124.png?lm=1
279,Daniel Peretz,https://img.a.transfermarkt.technology/portrait/big/468539-1700659786.jpg?lm=1
280,Lorenzo Pirola,https://img.a.transfermarkt.technology/portrait/big/487834-1663668409.jpg?lm=1
281,Matěj Kovář,https://img.a.transfermarkt.technology/portrait/big/550829-1716966772.jpg?lm=1
282,Sergio Camello,https://img.a.transfermarkt.technology/portrait/big/505674-1617806102.jpg?lm=1
283,Y. Maleh,https://img.a.transfermarkt.technology/portrait/big/324377-1663592087.jpg?lm=1
284,Fran García,https://img.a.transfermarkt.technology/portrait/big/341264-1688119965.jpg?lm=1
285,A. Harit,https://img.a.transfermarkt.technology/portrait/big/50935-1678022181.jpg?lm=1
286,Y. Herrera,https://img.a.transfermarkt.technology/portrait/big/99343-1709675915.png?lm=1
287,Ansgar Knauff,https://img.a.transfermarkt.technology/portrait/big/429874-1663065826.jpg?lm=1
288,Matteo Prati,https://img.a.transfermarkt.technology/portrait/big/876298-1686214955.jpg?lm=1
289,G. Fabbian,https://img.a.transfermarkt.technology/portrait/big/633668-1695027735.jpg?lm=1
290,A. Bayindir,https://img.a.transfermarkt.technology/portrait/big/336077-1699471821.jpg?lm=1
291,Javi Galán,https://img.a.transfermarkt.technology/portrait/big/448628-1706112804.jpg?lm=1
292,M. Wieteska,https://img.a.transfermarkt.technology/portrait/big/208172-1668091600.jpg?lm=1
293,Stefan Posch,https://img.a.transfermarkt.technology/portrait/big/223974-1657200239.jpg?lm=1
294,T. Kristensen,https://img.a.transfermarkt.technology/portrait/big/369684-1692881242.jpg?lm=1
295,O. Vlachodimos,https://img.a.transfermarkt.technology/portrait/big/124419-1706829687.jpg?lm=1
296,Y. Vertessen,https://img.a.transfermarkt.technology/portrait/big/409517-1674914552.jpg?lm=1
297,Miloš Luković,https://img.a.transfermarkt.technology/portrait/big/845872-1695032429.png?lm=1
298,Tahith Chong,https://img.a.transfermarkt.technology/portrait/big/344830-1616530468.jpg?lm=1
299,Bénie Traoré,https://img.a.transfermarkt.technology/portrait/big/852024-1689773957.jpg?lm=1
300,T. Allende,https://img.a.transfermarkt.technology/portrait/big/872184-1657542237.JPG?lm=1
301,Y. Konak,https://img.a.transfermarkt.technology/portrait/big/1141628-1691660915.png?lm=1
302,Akor Adams,https://img.a.transfermarkt.technology/portrait/big/607034-1702663135.JPG?lm=1
303,F. Terracciano,https://img.a.transfermarkt.technology/portrait/big/631007-1663671440.jpg?lm=1
304,M. Ilić,https://img.a.transfermarkt.technology/portrait/big/57500-1668169250.jpg?lm=1
305,N. Bentaleb,https://img.a.transfermarkt.technology/portrait/big/245537-1672670443.jpg?lm=1
306,Óscar Cortés,https://img.a.transfermarkt.technology/portrait/big/975689-1674523048.JPG?lm=1
307,Edgar,https://img.a.transfermarkt.technology/portrait/big/175722-1665608595.jpg?lm=1
308,Aron Donnum,https://img.a.transfermarkt.technology/portrait/big/476836-1678012976.jpg?lm=1
309,Xavi Simons,https://img.a.transfermarkt.technology/portrait/big/566931-1695158618.jpg?lm=1
310,I. Miramón,https://img.a.transfermarkt.technology/portrait/big/172315-1572959312.jpg?lm=1
311,M. Obafemi,https://img.a.transfermarkt.technology/portrait/big/284730-1684165752.jpg?lm=1
312,Chimy Ávila,https://img.a.transfermarkt.technology/portrait/big/167721-1708949836.jpg?lm=1
313,M. Berisha,https://img.a.transfermarkt.technology/portrait/big/307924-1691251216.jpg?lm=1
314,Olivier Deman,https://img.a.transfermarkt.technology/portrait/big/621802-1722887784.jpg?lm=1
315,J. Ngankam,https://img.a.transfermarkt.technology/portrait/big/448177-1688647287.jpg?lm=1
316,U. Garcia,https://img.a.transfermarkt.technology/portrait/big/261504-1699631336.jpg?lm=1
317,A. Salama,https://img.a.transfermarkt.technology/portrait/big/980576-1667148328.jpg?lm=1
318,A. Tosin,https://img.a.transfermarkt.technology/portrait/big/258878-1646903871.jpg?lm=1
319,O. Alderete,https://img.a.transfermarkt.technology/portrait/big/353032-1669365021.jpg?lm=1
320,M. Guilavogui,https://img.a.transfermarkt.technology/portrait/big/93704-1657202956.jpg?lm=1
321,I. Sulemana,https://img.a.transfermarkt.technology/portrait/big/746695-1666698770.jpg?lm=1
322,Antonio Blanco,https://img.a.transfermarkt.technology/portrait/big/495621-1705337231.jpg?lm=1
323,Kevin Volland,https://img.a.transfermarkt.technology/portrait/big/82009-1614090395.jpg?lm=1
324,Skelly Alvero,https://img.a.transfermarkt.technology/portrait/big/855134-1706082508.jpg?lm=1
325,W. Falcone,https://img.a.transfermarkt.technology/portrait/big/238537-1693308504.jpg?lm=1
326,F. Acerbi,https://img.a.transfermarkt.technology/portrait/big/131075-1663572709.jpg?lm=1
327,N. Krstović,https://img.a.transfermarkt.technology/portrait/big/434433-1658146879.png?lm=1
328,O. Christensen,https://img.a.transfermarkt.technology/portrait/big/196948-1668183241.jpg?lm=1
329,Woo-Yeong Jeong,https://img.a.transfermarkt.technology/portrait/big/297583-1658413502.jpg?lm=1
330,Andrej Ilic,https://img.a.transfermarkt.technology/portrait/big/583699-1690638099.png?lm=1
331,A. Cragno,https://img.a.transfermarkt.technology/portrait/big/12907-1663659430.jpg?lm=1
332,Adryelson,https://img.a.transfermarkt.technology/portrait/big/373433-1680877267.jpg?lm=1
333,Salvatore Esposito,https://img.a.transfermarkt.technology/portrait/big/390160-1664974136.jpg?lm=1
334,Mads Andersen,https://img.a.transfermarkt.technology/portrait/big/407021-1612348755.jpg?lm=1
335,Ruben Aguilar,https://img.a.transfermarkt.technology/portrait/big/203746-1614090581.jpg?lm=1
336,M. Pellegrino,https://img.a.transfermarkt.technology/portrait/big/s_7573_123_2012_10_23_1.jpg?lm=1
337,Hudson-Odoi,https://img.a.transfermarkt.technology/portrait/big/392768-1659969850.png?lm=1
338,Portu,https://img.a.transfermarkt.technology/portrait/big/99353-1669365520.jpg?lm=1
339,M. Caufriez,https://img.a.transfermarkt.technology/portrait/big/369267-1679507795.jpg?lm=1
340,G. Álvarez,https://img.a.transfermarkt.technology/portrait/big/576024-1684920938.jpg?lm=1
341,V. Lazaro,https://img.a.transfermarkt.technology/portrait/big/129476-1695029603.jpg?lm=1
342,Oriol Romeu,https://img.a.transfermarkt.technology/portrait/big/66100-1701118491.jpg?lm=1
343,Lucas Perri,https://img.a.transfermarkt.technology/portrait/big/352041-1682520370.jpg?lm=1
344,M. Sagnan,https://img.a.transfermarkt.technology/portrait/big/524925-1548769689.jpg?lm=1
345,Ondrej Duda,https://img.a.transfermarkt.technology/portrait/big/232418-1716967836.jpg?lm=1
346,Luca Lipani,https://img.a.transfermarkt.technology/portrait/big/724106-1681206396.jpg?lm=1
347,H. Valdimarsson,https://img.a.transfermarkt.technology/portrait/big/488935-1689319830.jpg?lm=1
348,M. Łęgowski,https://img.a.transfermarkt.technology/portrait/big/570466-1674492649.jpg?lm=1
349,T. Noslin,https://img.a.transfermarkt.technology/portrait/big/457736-1706019901.jpg?lm=1
350,Saidou Sow,https://img.a.transfermarkt.technology/portrait/big/807128-1617875269.jpg?lm=1
351,Tiago Morais,https://img.a.transfermarkt.technology/portrait/big/815652-1722091202.jpg?lm=1
352,N. Brown,https://img.a.transfermarkt.technology/portrait/big/s_3405_985_2009_1.jpg?lm=1
353,A. Izzo,https://img.a.transfermarkt.technology/portrait/big/133964-1712762670.jpg?lm=1
354,Hannes Delcroix,https://img.a.transfermarkt.technology/portrait/big/338635-1660674722.jpg?lm=1
355,Samú Costa,https://img.a.transfermarkt.technology/portrait/big/657430-1624028681.jpg?lm=1
356,Adrian Mazilu,https://img.a.transfermarkt.technology/portrait/big/723835-1706256149.jpg?lm=1
357,I. Cissoko,https://img.a.transfermarkt.technology/portrait/big/46001-1703065177.jpg?lm=1
358,Carlos Dotor,https://img.a.transfermarkt.technology/portrait/big/623524-1690276969.jpg?lm=1
359,Paul,https://img.a.transfermarkt.technology/portrait/big/206050-1641810495.jpg?lm=1
360,K. Amian,https://img.a.transfermarkt.technology/portrait/big/111873-1668180824.jpg?lm=1
361,L. Tchaouna,https://img.a.transfermarkt.technology/portrait/big/607226-1695710683.jpg?lm=1
362,S. Becker,https://img.a.transfermarkt.technology/portrait/big/105470-1668522221.jpg?lm=1
363,M. Kaba,https://img.a.transfermarkt.technology/portrait/big/361260-1691269223.jpg?lm=1
364,M. Camara,https://img.a.transfermarkt.technology/portrait/big/543382-1601103576.png?lm=1
365,M. Payero,https://img.a.transfermarkt.technology/portrait/big/555820-1707213845.jpg?lm=1
366,Marius Bülter,https://img.a.transfermarkt.technology/portrait/big/116088-1691269482.jpg?lm=1
367,P. Mazzocchi,https://img.a.transfermarkt.technology/portrait/big/250153-1630656880.jpg?lm=1
368,Marco Richter,https://img.a.transfermarkt.technology/portrait/big/279009-1722886254.jpg?lm=1
369,Á. Odriozola,https://img.a.transfermarkt.technology/portrait/big/280730-1579598607.jpg?lm=1
370,M. Nakamba,https://img.a.transfermarkt.technology/portrait/big/324882-1700736255.jpg?lm=1
371,T. Kaminski,https://img.a.transfermarkt.technology/portrait/big/407098-1657203381.jpg?lm=1
372,Jacob Brown,https://img.a.transfermarkt.technology/portrait/big/469958-1700638599.jpg?lm=1
373,Gino Infantino,https://img.a.transfermarkt.technology/portrait/big/831162-1695027339.jpg?lm=1
374,Adrien Tameze,https://img.a.transfermarkt.technology/portrait/big/157507-1663672063.jpg?lm=1
375,Lucas Tousart,https://img.a.transfermarkt.technology/portrait/big/353948-1691614305.jpg?lm=1
376,Shavy Babicka,https://img.a.transfermarkt.technology/portrait/big/916920-1668887323.jpg?lm=1
377,Saba Sazonov,https://img.a.transfermarkt.technology/portrait/big/655456-1695386095.jpg?lm=1
378,Mikkel Kaufmann,https://img.a.transfermarkt.technology/portrait/big/545332-1691614182.jpg?lm=1
379,S. Van Der Heyden,https://img.a.transfermarkt.technology/portrait/big/400131-1642262598.jpg?lm=1
380,A. Slimane,https://img.a.transfermarkt.technology/portrait/big/546712-1668422834.jpg?lm=1
381,S. Mouriño,https://img.a.transfermarkt.technology/portrait/big/953901-1691396102.jpg?lm=1
382,Martin Hongla,https://img.a.transfermarkt.technology/portrait/big/398808-1663671327.jpg?lm=1
383,N. Matić,https://img.a.transfermarkt.technology/portrait/big/74683-1655212906.jpg?lm=1
384,Aliou Balde,https://img.a.transfermarkt.technology/portrait/big/666977-1723302616.jpg?lm=1
385,F. Missori,https://img.a.transfermarkt.technology/portrait/big/650993-1692882881.jpg?lm=1
386,R. Kouamé,https://img.a.transfermarkt.technology/portrait/big/337725-1663591953.jpg?lm=1
387,Nikola Moro,https://img.a.transfermarkt.technology/portrait/big/316934-1692964241.jpg?lm=1
388,Julian Chabot,https://img.a.transfermarkt.technology/portrait/big/303219-1657109766.jpg?lm=1
389,R. Tavares,https://img.a.transfermarkt.technology/portrait/big/225693-1703282636.png?lm=1
390,Florian Lejeune,https://img.a.transfermarkt.technology/portrait/big/127108-1496825998.jpg?lm=1
391,Manu Morlanes,https://img.a.transfermarkt.technology/portrait/big/335225-1552044533.jpg?lm=1
392,Ivo Grbić,https://img.a.transfermarkt.technology/portrait/big/226073-1683638017.jpg?lm=1
393,M. Aramu,https://img.a.transfermarkt.technology/portrait/big/default.jpg?lm=1
394,N. Matić,https://img.a.transfermarkt.technology/portrait/big/74683-1655212906.jpg?lm=1
395,S. Luperto,https://img.a.transfermarkt.technology/portrait/big/278531-1634293876.jpg?lm=1
396,Ramón Terrats,https://img.a.transfermarkt.technology/portrait/big/783396-1634558711.jpg?lm=1
397,G. Escalante,https://img.a.transfermarkt.technology/portrait/big/266795-1660052209.jpg?lm=1
398,Amir Murillo,https://img.a.transfermarkt.technology/portrait/big/354482-1719228286.jpg?lm=1
399,O. Diakité,https://img.a.transfermarkt.technology/portrait/big/463605-1666691072.jpg?lm=1
400,D. Ankeye,https://img.a.transfermarkt.technology/portrait/big/881610-1696948737.png?lm=1
401,Tim Breithaupt,https://img.a.transfermarkt.technology/portrait/big/569457-1698084073.jpg?lm=1
402,L. Paredes,https://img.a.transfermarkt.technology/portrait/big/166237-1692881087.jpg?lm=1
403,K. Van Den Kerkhof,https://img.a.transfermarkt.technology/portrait/big/s_135638_123_2012_1.jpg?lm=1
404,Niklas Schmidt,https://img.a.transfermarkt.technology/portrait/big/275249-1660208599.jpg?lm=1
405,Yann Gboho,https://img.a.transfermarkt.technology/portrait/big/463613-1672485001.jpg?lm=1
406,P. Katseris,https://img.a.transfermarkt.technology/portrait/big/816308-1606484515.jpg?lm=1
407,Ashley Phillips,https://img.a.transfermarkt.technology/portrait/big/859951-1666873624.jpg?lm=1
408,K. Davis,https://img.a.transfermarkt.technology/portrait/big/28973-1454586959.jpg?lm=1
409,Senne Lynen,https://img.a.transfermarkt.technology/portrait/big/338668-1722887459.jpg?lm=1
410,Uroš Račić,https://img.a.transfermarkt.technology/portrait/big/417575-1692277737.jpg?lm=1
411,Phillip Tietz,https://img.a.transfermarkt.technology/portrait/big/288340-1691251333.jpg?lm=1
412,Chris Bedia,https://img.a.transfermarkt.technology/portrait/big/294791-1626771107.jpg?lm=1
413,O. El Azzouzi,https://img.a.transfermarkt.technology/portrait/big/531065-1707127581.jpg?lm=1
414,Iván Martín,https://img.a.transfermarkt.technology/portrait/big/341278-1703177977.jpg?lm=1
415,J. Malatini,https://img.a.transfermarkt.technology/portrait/big/830108-1722887346.jpg?lm=1
416,F. Chiarodia,https://img.a.transfermarkt.technology/portrait/big/724104-1722945535.jpg?lm=1
417,B. Hollerbach,https://img.a.transfermarkt.technology/portrait/big/453870-1691614654.jpg?lm=1
418,Sergi Altimira,https://img.a.transfermarkt.technology/portrait/big/466801-1676910380.png?lm=1
419,Philipp Max,https://img.a.transfermarkt.technology/portrait/big/111275-1696508798.jpg?lm=1
420,K. Ouattara,https://img.a.transfermarkt.technology/portrait/big/823231-1663162842.jpg?lm=1
421,R. Schallenberg,https://img.a.transfermarkt.technology/portrait/big/332392-1657096890.jpg?lm=1
422,E. Gyasi,https://img.a.transfermarkt.technology/portrait/big/254230-1709367128.jpg?lm=1
423,C. Klarer,https://img.a.transfermarkt.technology/portrait/big/346849-1720776525.jpg?lm=1
424,D. Hashioka,https://img.a.transfermarkt.technology/portrait/big/387191-1693899437.jpg?lm=1
425,K. Behrens,https://img.a.transfermarkt.technology/portrait/big/117432-1692707679.jpg?lm=1
426,Milan Đurić,
427,T. Augello,https://img.a.transfermarkt.technology/portrait/big/284595-1663679538.jpg?lm=1
428,P. Hatzidiakos,https://img.a.transfermarkt.technology/portrait/big/144244-1695033693.jpg?lm=1
429,Lamine Diack,https://img.a.transfermarkt.technology/portrait/big/649024-1703065557.jpg?lm=1
430,E. Camara,https://img.a.transfermarkt.technology/portrait/big/543382-1601103576.png?lm=1
431,Frank Magri,https://img.a.transfermarkt.technology/portrait/big/807689-1653399470.jpg?lm=1
432,Julian Justvan,https://img.a.transfermarkt.technology/portrait/big/324861-1657097081.jpg?lm=1
433,S. Walukiewicz,https://img.a.transfermarkt.technology/portrait/big/345458-1716985042.jpg?lm=1
434,S. Scuffet,https://img.a.transfermarkt.technology/portrait/big/238993-1692963456.jpg?lm=1
435,Andy Pelmard,https://img.a.transfermarkt.technology/portrait/big/494236-1688916547.jpg?lm=1
436,Yayah Kallon,https://img.a.transfermarkt.technology/portrait/big/623040-1630583424.jpg?lm=1
437,Fraser Hornby,https://img.a.transfermarkt.technology/portrait/big/388160-1689057977.jpg?lm=1
438,Marvin Pieringer,https://img.a.transfermarkt.technology/portrait/big/471055-1690186870.jpg?lm=1
439,B. Tetteh,https://img.a.transfermarkt.technology/portrait/big/306382-1697466032.png?lm=1
440,Gonzalo Villar,https://img.a.transfermarkt.technology/portrait/big/398163-1611584180.jpg?lm=1
441,C. Ikwuemesi,https://img.a.transfermarkt.technology/portrait/big/929494-1693293465.jpg?lm=1
442,Andrew Irving,https://img.a.transfermarkt.technology/portrait/big/430310-1692965140.png?lm=1
443,Facu González,
444,N. Radonjić,https://img.a.transfermarkt.technology/portrait/big/245078-1663596823.jpg?lm=1
445,M. Pongračić,https://img.a.transfermarkt.technology/portrait/big/282144-1657202331.jpg?lm=1
446,Kauã Santos,https://img.a.transfermarkt.technology/portrait/big/997861-1696509170.jpg?lm=1
447,Joe Gauci,https://img.a.transfermarkt.technology/portrait/big/591844-1703230842.jpg?lm=1
448,Portu,https://img.a.transfermarkt.technology/portrait/big/99353-1669365520.jpg?lm=1
449,Rubén Blanco,https://img.a.transfermarkt.technology/portrait/big/199321-1676905860.jpg?lm=1
450,R. N'diaye,https://img.a.transfermarkt.technology/portrait/big/77737-1712676752.png?lm=1
451,Florian Müller,https://img.a.transfermarkt.technology/portrait/big/284769-1691998669.jpg?lm=1
452,Mihailo Ristić,https://img.a.transfermarkt.technology/portrait/big/271455-1661241997.jpg?lm=1
453,Nikola Maraš,https://img.a.transfermarkt.technology/portrait/big/258475-1537970012.png?lm=1
454,S. Kaba,https://img.a.transfermarkt.technology/portrait/big/361260-1691269223.jpg?lm=1
455,Junior Messias,https://img.a.transfermarkt.technology/portrait/big/449151-1663575000.jpg?lm=1
456,T. Corbeanu,https://img.a.transfermarkt.technology/portrait/big/568535-1663314418.jpg?lm=1
457,Dani Silva,https://img.a.transfermarkt.technology/portrait/big/372445-1707150919.jpg?lm=1
458,A. Gorosabel,https://img.a.transfermarkt.technology/portrait/big/289255-1604301901.jpg?lm=1
459,R. Marchizza,https://img.a.transfermarkt.technology/portrait/big/297645-1692961254.jpg?lm=1
460,Falaye Sacko,https://img.a.transfermarkt.technology/portrait/big/364857-1702665617.JPG?lm=1
461,S. Mitrović,https://img.a.transfermarkt.technology/portrait/big/51152-1697050954.png?lm=1
462,Dani Cárdenas,https://img.a.transfermarkt.technology/portrait/big/397676-1663571879.jpg?lm=1
463,C. Mandas,https://img.a.transfermarkt.technology/portrait/big/481675-1693289898.jpg?lm=1
464,Joel Asoro,https://img.a.transfermarkt.technology/portrait/big/375391-1697465755.png?lm=1
465,S. Pierotti,https://img.a.transfermarkt.technology/portrait/big/674806-1709016512.jpg?lm=1
466,Habib Keita,https://img.a.transfermarkt.technology/portrait/big/669000-1632770023.jpg?lm=1
467,Y. Ramadani,https://img.a.transfermarkt.technology/portrait/big/442703-1691151579.jpg?lm=1
468,Rob Holding,https://img.a.transfermarkt.technology/portrait/big/253341-1683101805.jpeg?lm=1
469,J. Milosevic,https://img.a.transfermarkt.technology/portrait/big/7896-1719883214.jpg?lm=1
470,Thomas Holmes,https://img.a.transfermarkt.technology/portrait/big/424900-1651652339.jpg?lm=1
471,M. Kwarteng,https://img.a.transfermarkt.technology/portrait/big/589737-1702663205.JPG?lm=1
472,Robin Hack,https://img.a.transfermarkt.technology/portrait/big/284010-1722945425.jpg?lm=1
473,N. Tenaglia,https://img.a.transfermarkt.technology/portrait/big/533568-1647530141.jpg?lm=1
474,Sergi Guardiola,https://img.a.transfermarkt.technology/portrait/big/256429-1521447903.jpg?lm=1
475,C. Lenz,https://img.a.transfermarkt.technology/portrait/big/159844-1663065776.jpg?lm=1
476,G. Faticanti,https://img.a.transfermarkt.technology/portrait/big/651002-1695033186.jpg?lm=1
477,E. Sabbi,https://img.a.transfermarkt.technology/portrait/big/381187-1691600197.jpg?lm=1
478,Remi Oudin,https://img.a.transfermarkt.technology/portrait/big/399543-1662015046.jpg?lm=1
479,F. Muslija,https://img.a.transfermarkt.technology/portrait/big/337036-1723189853.jpg?lm=1
480,N. Amiri,https://img.a.transfermarkt.technology/portrait/big/232454-1722885996.jpg?lm=1
481,P. Mwene,https://img.a.transfermarkt.technology/portrait/big/127573-1722886402.jpg?lm=1
482,C. Cásseres,https://img.a.transfermarkt.technology/portrait/big/467632-1646141354.JPG?lm=1
483,Nnamdi Collins,https://img.a.transfermarkt.technology/portrait/big/684315-1664349165.jpg?lm=1
484,Jake O'brien,https://img.a.transfermarkt.technology/portrait/big/711544-1662362868.jpg?lm=1
485,Jayden Braaf,https://img.a.transfermarkt.technology/portrait/big/470391-1657286058.jpg?lm=1
486,Tomáš Suslov,https://img.a.transfermarkt.technology/portrait/big/540333-1695032418.jpg?lm=1
487,Sven Michel,https://img.a.transfermarkt.technology/portrait/big/186988-1691251438.jpg?lm=1
488,Steven Benda,https://img.a.transfermarkt.technology/portrait/big/381469-1547712798.jpg?lm=1
489,H. Moldovan,https://img.a.transfermarkt.technology/portrait/big/525438-1718199207.jpg?lm=1
490,Hamza Rafia,https://img.a.transfermarkt.technology/portrait/big/418571-1610613312.jpg?lm=1
491,Paul Seguin,https://img.a.transfermarkt.technology/portrait/big/183780-1689878342.jpg?lm=1
492,M. Wittek,https://img.a.transfermarkt.technology/portrait/big/196793-1721851854.jpg?lm=1
493,Abdou Harroui,https://img.a.transfermarkt.technology/portrait/big/416386-1661514825.jpg?lm=1
494,A. Tikvić,https://img.a.transfermarkt.technology/portrait/big/797791-1692859362.png?lm=1
495,N. El Aynaoui,https://img.a.transfermarkt.technology/portrait/big/901019-1685539384.jpg?lm=1
496,Omar Mascarell,https://img.a.transfermarkt.technology/portrait/big/142031-1531813358.jpg?lm=1
497,Bernardo,https://img.a.transfermarkt.technology/portrait/big/241641-1684311533.jpg?lm=1
498,Carlos Vicente,https://img.a.transfermarkt.technology/portrait/big/default.jpg?lm=1
499,M. Mittelstädt,https://img.a.transfermarkt.technology/portrait/big/282660-1657098272.jpg?lm=1
500,R. Belahyane,https://img.a.transfermarkt.technology/portrait/big/982855-1674921768.jpg?lm=1
501,A. Candreva,https://img.a.transfermarkt.technology/portrait/big/25488-1630591271.jpg?lm=1
502,E. Tavşan,https://img.a.transfermarkt.technology/portrait/big/462086-1704798303.jpg?lm=1
503,B. Locko,https://img.a.transfermarkt.technology/portrait/big/805908-1639674661.png?lm=1
504,Andrei Rațiu,https://img.a.transfermarkt.technology/portrait/big/527966-1716545627.jpg?lm=1
505,S. Goglichidze,https://img.a.transfermarkt.technology/portrait/big/334481-1690113006.png?lm=1
506,Matej Maglica,https://img.a.transfermarkt.technology/portrait/big/433388-1689058601.jpg?lm=1
507,Issa Soumaré,https://img.a.transfermarkt.technology/portrait/big/568698-1669738231.jpg?lm=1
508,S. Elisor,https://img.a.transfermarkt.technology/portrait/big/804661-1697466072.png?lm=1
509,Aarón Escandell,https://img.a.transfermarkt.technology/portrait/big/284430-1583309348.jpg?lm=1
510,M. Gersbeck,https://img.a.transfermarkt.technology/portrait/big/196382-1720778295.jpg?lm=1
511,F. Ghedjemis,https://img.a.transfermarkt.technology/portrait/big/888738-1700664813.png?lm=1
512,K. Haveri,https://img.a.transfermarkt.technology/portrait/big/default.jpg?lm=1
513,Franz Stolz,https://img.a.transfermarkt.technology/portrait/big/462699-1693220230.png?lm=1
514,M'baye Niang,https://img.a.transfermarkt.technology/portrait/big/157501-1695124679.png?lm=1
515,Sergi Canós,https://img.a.transfermarkt.technology/portrait/big/251845-1538466933.jpg?lm=1
516,T. Pasalidis,https://img.a.transfermarkt.technology/portrait/big/470422-1709016610.jpg?lm=1
517,Patrick Dorgu,https://img.a.transfermarkt.technology/portrait/big/926952-1697182638.jpg?lm=1
518,V. Mannone,https://img.a.transfermarkt.technology/portrait/big/33781-1614092740.jpg?lm=1
519,Samuele Angori,https://img.a.transfermarkt.technology/portrait/big/705063-1612727923.jpg?lm=1
520,B. Dizdarevic,https://img.a.transfermarkt.technology/portrait/big/483007-1702663715.JPG?lm=1
521,Marc Martínez,https://img.a.transfermarkt.technology/portrait/big/65337-1442310432.png?lm=1
522,A. Khusanov,https://img.a.transfermarkt.technology/portrait/big/763079-1684599647.png?lm=1
523,D. Sommariva,https://img.a.transfermarkt.technology/portrait/big/312773-1692963278.jpg?lm=1
524,S. Romagnoli,https://img.a.transfermarkt.technology/portrait/big/197747-1650543426.jpg?lm=1
